Workbook

Sheet Thickness
A1: 2025 | DQ1: OBSTRUCTION
C2: TUBES NUMBERED LEFT TO RIGHT FACING WALL. THICKNESS MEASUREMENTS ARE IN INCHES. | DQ2: ORIENTATION
A3: ELEVATION | C3: LOC | D3: 1 | E3: 2 | F3: 3 | G3: 4 | H3: 5 | I3: 6 | J3: 7 | K3: 8 | L3: 9 | M3: 10 | N3: 11 | O3: 12 | P3: 13 | Q3: 14 | R3: 15 | S3: 16 | T3: 17 | U3: 18 | V3: 19 | W3: 20 | X3: 21 | Y3: 22 | Z3: 23 | AA3: 24 | AB3: 25 | AC3: 26 | AD3: 27 | AE3: 28 | AF3: 29 | AG3: 30 | AH3: 31 | AI3: 32 | AJ3: 33 | AK3: 34 | AL3: 35 | AM3: 36 | AN3: 37 | AO3: 38 | AP3: 39 | AQ3: 40 | AR3: 41 | AS3: 42 | AT3: 43 | AU3: 44 | AV3: 45 | AW3: 46 | AX3: 47 | AY3: 48 | AZ3: 49 | BA3: 50 | BB3: 51 | BC3: 52 | BD3: 53 | BE3: 54 | BF3: 55 | BG3: 56 | BH3: 57 | BI3: 58 | BJ3: 59 | BK3: 60 | BL3: 61 | BM3: 62 | BN3: 63 | BO3: 64 | BP3: 65 | BQ3: 66 | BR3: 67 | BS3: 68 | BT3: 69 | BU3: AVG | BV3: MIN
A4: A | B4: FRONT WALL | C4: L | BU4: =IFERROR(AVERAGE(D4:BT6),0) | BV4: =MIN(D4:BT6)
A5: 0.083 | B5: 6 IN SCAN | C5: C | D5: 0.323 | E5: 0.218 | F5: 0.219 | G5: 0.224 | H5: 0.218 | I5: 0.213 | J5: 0.219 | K5: 0.227 | L5: 0.229 | M5: 0.219 | N5: 0.227 | O5: 0.226 | P5: 0.22 | Q5: 0.225 | R5: 0.232 | S5: 0.268 | T5: 0.339 | U5: 0.331 | V5: 0.268 | W5: 0.22 | X5: 0.222 | Y5: 0.227 | Z5: 0.225 | AA5: 0.224 | AB5: 0.225 | AC5: 0.218 | AD5: 0.229 | AE5: 0.231 | AF5: 0.219 | AG5: 0.228 | AH5: 0.228 | AI5: 0.226 | AJ5: 0.223 | AK5: 0.213 | AL5: 0.224 | AM5: 0.229 | AN5: 0.239 | AO5: 0.217 | AP5: 0.223 | AQ5: 0.231 | AR5: 0.232 | AS5: 0.233 | AT5: 0.227 | AU5: 0.224 | AV5: 0.268 | AW5: 0.337 | AX5: 0.331 | AY5: 0.264 | AZ5: 0.228 | BA5: 0.225 | BB5: 0.224 | BC5: 0.228 | BD5: 0.219 | BE5: 0.229 | BF5: 0.234 | BG5: 0.235 | BH5: 0.229 | BI5: 0.203 | BJ5: 0.226 | BK5: 0.224 | BL5: 0.223 | BM5: 0.222 | BN5: 0.33
B6: ABOVE STUD LINE | C6: R
A7: A | B7: LEFT WALL | C7: L | BU7: =IFERROR(AVERAGE(D7:BT9),0) | BV7: =MIN(D7:BT9)
A8: 0.083 | B8: 6 IN SCAN | C8: C | D8: 0.221 | E8: 0.218 | F8: 0.229 | G8: 0.227 | H8: 0.222 | I8: 0.274 | J8: 0.27 | K8: 0.266 | L8: 0.268 | M8: 0.265 | N8: 0.266 | O8: 0.225 | P8: 0.229 | Q8: 0.226 | R8: 0.222 | S8: 0.229 | T8: 0.224 | U8: 0.227 | V8: 0.224 | W8: 0.227 | X8: 0.228 | Y8: 0.224 | Z8: 0.222 | AA8: 0.217 | AB8: 0.222 | AC8: 0.217 | AD8: 0.226 | AE8: 0.229 | AF8: 0.226 | AG8: 0.225 | AH8: 0.223 | AI8: 0.224 | AJ8: 0.228 | AK8: 0.224 | AL8: 0.221 | AM8: 0.224 | AN8: 0.232 | AO8: 0.232 | AP8: 0.226 | AQ8: 0.219 | AR8: 0.232 | AS8: 0.227 | AT8: 0.225 | AU8: 0.227 | AV8: 0.228 | AW8: 0.222 | AX8: 0.222 | AY8: 0.222 | AZ8: 0.227 | BA8: 0.225 | BB8: 0.226 | BC8: 0.231 | BD8: 0.223 | BE8: 0.227 | BF8: 0.226 | BG8: 0.222 | BH8: 0.222 | BI8: 0.227 | BJ8: 0.226 | BK8: 0.227 | BL8: 0.228 | BM8: 0.223 | BN8: 0.227 | BO8: 0.223 | BP8: 0.219 | BQ8: 0.223 | BR8: 0.224 | BS8: 0.219 | BT8: 0.219
B9: ABOVE STUD LINE | C9: R
A10: A | B10: REAR WALL | C10: L | BU10: =IFERROR(AVERAGE(D10:BT12),0) | BV10: =MIN(D10:BT12)
A11: 0.083 | B11: 6 IN SCAN | C11: C | D11: 0.223 | E11: 0.221 | F11: 0.215 | G11: 0.225 | H11: 0.219 | I11: 0.224 | J11: 0.217 | K11: 0.219 | L11: 0.222 | M11: 0.225 | N11: 0.22 | O11: 0.216 | P11: 0.219 | Q11: 0.226 | R11: 0.224 | S11: 0.219 | T11: 0.22 | U11: 0.23 | V11: 0.22 | W11: 0.214 | X11: 0.226 | Y11: 0.223 | Z11: 0.221 | AA11: 0.228 | AB11: 0.222 | AC11: 0.226 | AD11: 0.224 | AE11: 0.216 | AF11: 0.223 | AG11: 0.222 | AH11: 0.22 | AI11: 0.224 | AJ11: 0.219 | AK11: 0.224 | AL11: 0.225 | AM11: 0.218 | AN11: 0.215 | AO11: 0.218 | AP11: 0.215 | AQ11: 0.217 | AR11: 0.22 | AS11: 0.215 | AT11: 0.217 | AU11: 0.22 | AV11: 0.22 | AW11: 0.215 | AX11: 0.221 | AY11: 0.224 | AZ11: 0.224 | BA11: 0.222 | BB11: 0.219 | BC11: 0.218 | BD11: 0.223 | BE11: 0.218 | BF11: 0.219 | BG11: 0.219 | BH11: 0.218 | BI11: 0.218 | BJ11: 0.218 | BK11: 0.222 | BL11: 0.227 | BM11: 0.224
B12: ABOVE STUD LINE | C12: R
A13: A | B13: RIGHT WALL | C13: L | BU13: =IFERROR(AVERAGE(D13:BT15),0) | BV13: =MIN(D13:BT15)
A14: 0.083 | B14: 6 IN SCAN | C14: C | D14: 0.223 | E14: 0.222 | F14: 0.222 | G14: 0.23 | H14: 0.216 | I14: 0.219 | J14: 0.221 | K14: 0.219 | L14: 0.222 | M14: 0.224 | N14: 0.221 | O14: 0.217 | P14: 0.33 | Q14: 0.224 | R14: 0.222 | S14: 0.217 | T14: 0.217 | U14: 0.224 | V14: 0.22 | W14: 0.219 | X14: 0.227 | Y14: 0.23 | Z14: 0.221 | AA14: 0.22 | AB14: 0.223 | AC14: 0.234 | AD14: 0.223 | AE14: 0.222 | AF14: 0.221 | AG14: 0.218 | AH14: 0.222 | AI14: 0.219 | AJ14: 0.222 | AK14: 0.221 | AL14: 0.214 | AM14: 0.215 | AN14: 0.211 | AO14: 0.225 | AP14: 0.219 | AQ14: 0.227 | AR14: 0.218 | AS14: 0.218 | AT14: 0.213 | AU14: 0.222 | AV14: 0.223 | AW14: 0.214 | AX14: 0.215 | AY14: 0.319 | AZ14: 0.321 | BA14: 0.222 | BB14: 0.221 | BC14: 0.22 | BD14: 0.229 | BE14: 0.224 | BF14: 0.217 | BG14: 0.225 | BH14: 0.226 | BI14: 0.226 | BJ14: 0.219 | BK14: 0.211 | BL14: 0.226 | BM14: 0.221 | BN14: 0.221 | BO14: 0.224 | BP14: 0.261 | BQ14: 0.265 | BR14: 0.223 | BS14: 0.216 | BT14: 0.26
B15: ABOVE STUD LINE | C15: R
A16: ELEVATION | C16: LOC | D16: 1 | E16: 2 | F16: 3 | G16: 4 | H16: 5 | I16: 6 | J16: 7 | K16: 8 | L16: 9 | M16: 10 | N16: 11 | O16: 12 | P16: 13 | Q16: 14 | R16: 15 | S16: 16 | T16: 17 | U16: 18 | V16: 19 | W16: 20 | X16: 21 | Y16: 22 | Z16: 23 | AA16: 24 | AB16: 25 | AC16: 26 | AD16: 27 | AE16: 28 | AF16: 29 | AG16: 30 | AH16: 31 | AI16: 32 | AJ16: 33 | AK16: 34 | AL16: 35 | AM16: 36 | AN16: 37 | AO16: 38 | AP16: 39 | AQ16: 40 | AR16: 41 | AS16: 42 | AT16: 43 | AU16: 44 | AV16: 45 | AW16: 46 | AX16: 47 | AY16: 48 | AZ16: 49 | BA16: 50 | BB16: 51 | BC16: 52 | BD16: 53 | BE16: 54 | BF16: 55 | BG16: 56 | BH16: 57 | BI16: 58 | BJ16: 59 | BK16: 60 | BL16: 61 | BM16: 62 | BN16: 63 | BO16: 64 | BP16: 65 | BQ16: 66 | BR16: 67 | BS16: 68 | BT16: 69 | BU16: AVG | BV16: MIN
A97: A | M97: OUTSIDE DIAMETER: | Z97: 3 | AG97: INSPECTION RESULTS | BR97: APPLIED TECHNICAL SERVICES 1049 Triad Court Marietta, Georgia 30062 Office # (770) 423-1400 Fax # (770) 514-3299 www.atslab.com | CL97: EXAMPLE PAPER
A98: LEGEND | M98: TUBE MATERIAL: | Z98: SA-210 A1 | AG98: =TRUNC(MAX(D4:BT6,D7:BT9,D10:BT12,D13:BT15),3) | AL98: MAX. THICKNESS | CL98: RIVERDALE MILL
M99: NOMINAL WALL: | Z99: 0.203 | AG99: =TRUNC(AVERAGE(D4:BT6,D7:BT9,D10:BT12,D13:BT15),3) | AL99: AVG. THICKNESS | CL99: TUBE WALL THICKNESS SURVEY
M100: ASME MIN: | Z100: 0.083 | AG100: =TRUNC(MIN(D4:BT6,D7:BT9,D10:BT12,D13:BT15),3) | AL100: MIN. THICKNESS | CL100: NO. 1 RECOVERY BOILER
M101: MILL FLAG: | Z101: 0.1 | AG101: =STDEV(D4:BT6,D7:BT9,D10:BT12,D13:BT15) | AL101: STD DEV. | AW101: Job # H449364 P.O. # 0018342455 W.O. # N/A Date: 5/05/2025 | CL101: 99 ABOVE STUD LINE
B102: THICKNESS
BR105: APPLIED TECHNICAL SERVICES 1049 Triad Court Marietta, Georgia 30062 Office # (770) 423-1400 Fax # (770) 514-3299 www.atslab.com
BR110: APPLIED TECHNICAL SERVICES 1325-B Cavalier Boulevard Chesapeake, Virginia 23323 (757) 558-0016 Fax (757) 558-0063 www.atslab.com
BR115: APPLIED TECHNICAL SERVICES 2312 Commerce Ctr. Dr., Suite A Rockville, Virginia 23146 (804) 550-7610 Fax (804) 550-7611 www.atslab.com

Sheet Corrosion
A1: =Thickness!A1 | C1: =IF(ISBLANK(Thickness!C1),"",(Thickness!C1)) | DQ1: OBSTRUCTION
C2: TUBES NUMBERED LEFT TO RIGHT FACING WALL. CORROSION RATE MEASUREMENTS ARE IN MILS. | DQ2: ORIENTATION
A3: ELEVATION | C3: LOC | D3: 1 | E3: 2 | F3: 3 | G3: 4 | H3: 5 | I3: 6 | J3: 7 | K3: 8 | L3: 9 | M3: 10 | N3: 11 | O3: 12 | P3: 13 | Q3: 14 | R3: 15 | S3: 16 | T3: 17 | U3: 18 | V3: 19 | W3: 20 | X3: 21 | Y3: 22 | Z3: 23 | AA3: 24 | AB3: 25 | AC3: 26 | AD3: 27 | AE3: 28 | AF3: 29 | AG3: 30 | AH3: 31 | AI3: 32 | AJ3: 33 | AK3: 34 | AL3: 35 | AM3: 36 | AN3: 37 | AO3: 38 | AP3: 39 | AQ3: 40 | AR3: 41 | AS3: 42 | AT3: 43 | AU3: 44 | AV3: 45 | AW3: 46 | AX3: 47 | AY3: 48 | AZ3: 49 | BA3: 50 | BB3: 51 | BC3: 52 | BD3: 53 | BE3: 54 | BF3: 55 | BG3: 56 | BH3: 57 | BI3: 58 | BJ3: 59 | BK3: 60 | BL3: 61 | BM3: 62 | BN3: 63 | BO3: 64 | BP3: 65 | BQ3: 66 | BR3: 67 | BS3: 68 | BT3: 69 | BU3: AVG | BV3: MIN
A4: A | B4: FRONT WALL | C4: L | BU4: =IFERROR(AVERAGE(D4:BT6),0) | BV4: =MIN(D4:BT6)
B5: 6 IN SCAN | C5: C
B6: ABOVE STUD LINE | C6: R
A7: A | B7: LEFT WALL | C7: L | BU7: =IFERROR(AVERAGE(D7:BT9),0) | BV7: =MIN(D7:BT9)
B8: 6 IN SCAN | C8: C
B9: ABOVE STUD LINE | C9: R
A10: A | B10: REAR WALL | C10: L | BU10: =IFERROR(AVERAGE(D10:BT12),0) | BV10: =MIN(D10:BT12)
B11: 6 IN SCAN | C11: C
B12: ABOVE STUD LINE | C12: R
A13: A | B13: RIGHT WALL | C13: L | BU13: =IFERROR(AVERAGE(D13:BT15),0) | BV13: =MIN(D13:BT15)
B14: 6 IN SCAN | C14: C
B15: ABOVE STUD LINE | C15: R
A16: ELEVATION | C16: LOC | D16: 1 | E16: 2 | F16: 3 | G16: 4 | H16: 5 | I16: 6 | J16: 7 | K16: 8 | L16: 9 | M16: 10 | N16: 11 | O16: 12 | P16: 13 | Q16: 14 | R16: 15 | S16: 16 | T16: 17 | U16: 18 | V16: 19 | W16: 20 | X16: 21 | Y16: 22 | Z16: 23 | AA16: 24 | AB16: 25 | AC16: 26 | AD16: 27 | AE16: 28 | AF16: 29 | AG16: 30 | AH16: 31 | AI16: 32 | AJ16: 33 | AK16: 34 | AL16: 35 | AM16: 36 | AN16: 37 | AO16: 38 | AP16: 39 | AQ16: 40 | AR16: 41 | AS16: 42 | AT16: 43 | AU16: 44 | AV16: 45 | AW16: 46 | AX16: 47 | AY16: 48 | AZ16: 49 | BA16: 50 | BB16: 51 | BC16: 52 | BD16: 53 | BE16: 54 | BF16: 55 | BG16: 56 | BH16: 57 | BI16: 58 | BJ16: 59 | BK16: 60 | BL16: 61 | BM16: 62 | BN16: 63 | BO16: 64 | BP16: 65 | BQ16: 66 | BR16: 67 | BS16: 68 | BT16: 69 | BU16: AVG | BV16: MIN
B97: CORROSION RATE (mpy): | M97: NOTE: CORROSION RATES ARE BASED ON COMPARISON OF | AG97: TEST RESULTS | BR97: APPLIED TECHNICAL SERVICES 1049 Triad Court Marietta, Georgia 30062 Office # (770) 423-1400 Fax # (770) 514-3299 www.atslab.com | CL97: =Thickness!CL97
A98: LEGEND | B98: < 0 mpy (LOSS) or no data | AG98: OVERALL CORROSION RATE (mils per year): | CL98: =Thickness!CL98
B99: 0-10 mpy (LOSS) | M99: 2012, 2013, 2014, 2016 | CL99: CALCULATED CORROSION RATE
B100: 10-20 mpy (LOSS) | M100: INSPECTION DATA | AG100: 0.2 | CL100: =Thickness!CL100
B101: > 20 mpy (LOSS) | M101: ND | R101: NO COMPARISON DATA | AW101: =Thickness!AW101 | CL101: =Thickness!CL101
B102: CORROSION
BR105: APPLIED TECHNICAL SERVICES 1049 Triad Court Marietta, Georgia 30062 Office # (770) 423-1400 Fax # (770) 514-3299 www.atslab.com
BR110: APPLIED TECHNICAL SERVICES 1325-B Cavalier Boulevard Chesapeake, Virginia 23323 (757) 558-0016 Fax (757) 558-0063 www.atslab.com
BR115: APPLIED TECHNICAL SERVICES 2312 Commerce Ctr. Dr., Suite A Rockville, Virginia 23146 (804) 550-7610 Fax (804) 550-7611 www.atslab.com

Sheet Projection
A1: =Thickness!A1 | C1: =IF(ISBLANK(Thickness!C1),"",(Thickness!C1)) | DQ1: OBSTRUCTION
C2: TUBES NUMBERED LEFT TO RIGHT FACING WALL. PROJECTED THICKNESS MEASUREMENTS ARE IN INCHES. | DQ2: ORIENTATION
A3: ELEVATION | C3: LOC | D3: 1 | E3: 2 | F3: 3 | G3: 4 | H3: 5 | I3: 6 | J3: 7 | K3: 8 | L3: 9 | M3: 10 | N3: 11 | O3: 12 | P3: 13 | Q3: 14 | R3: 15 | S3: 16 | T3: 17 | U3: 18 | V3: 19 | W3: 20 | X3: 21 | Y3: 22 | Z3: 23 | AA3: 24 | AB3: 25 | AC3: 26 | AD3: 27 | AE3: 28 | AF3: 29 | AG3: 30 | AH3: 31 | AI3: 32 | AJ3: 33 | AK3: 34 | AL3: 35 | AM3: 36 | AN3: 37 | AO3: 38 | AP3: 39 | AQ3: 40 | AR3: 41 | AS3: 42 | AT3: 43 | AU3: 44 | AV3: 45 | AW3: 46 | AX3: 47 | AY3: 48 | AZ3: 49 | BA3: 50 | BB3: 51 | BC3: 52 | BD3: 53 | BE3: 54 | BF3: 55 | BG3: 56 | BH3: 57 | BI3: 58 | BJ3: 59 | BK3: 60 | BL3: 61 | BM3: 62 | BN3: 63 | BO3: 64 | BP3: 65 | BQ3: 66 | BR3: 67 | BS3: 68 | BT3: 69 | BU3: AVG | BV3: MIN
A4: A | B4: FRONT WALL | C4: L | BU4: =IFERROR(AVERAGE(D4:BT6),0) | BV4: =MIN(D4:BT6)
A5: 0.083 | B5: 6 IN SCAN | C5: C
B6: ABOVE STUD LINE | C6: R
A7: A | B7: LEFT WALL | C7: L | BU7: =IFERROR(AVERAGE(D7:BT9),0) | BV7: =MIN(D7:BT9)
A8: 0.083 | B8: 6 IN SCAN | C8: C
B9: ABOVE STUD LINE | C9: R
A10: A | B10: REAR WALL | C10: L | BU10: =IFERROR(AVERAGE(D10:BT12),0) | BV10: =MIN(D10:BT12)
A11: 0.083 | B11: 6 IN SCAN | C11: C
B12: ABOVE STUD LINE | C12: R
A13: A | B13: RIGHT WALL | C13: L | BU13: =IFERROR(AVERAGE(D13:BT15),0) | BV13: =MIN(D13:BT15)
A14: 0.083 | B14: 6 IN SCAN | C14: C
B15: ABOVE STUD LINE | C15: R
A16: ELEVATION | C16: LOC | D16: 1 | E16: 2 | F16: 3 | G16: 4 | H16: 5 | I16: 6 | J16: 7 | K16: 8 | L16: 9 | M16: 10 | N16: 11 | O16: 12 | P16: 13 | Q16: 14 | R16: 15 | S16: 16 | T16: 17 | U16: 18 | V16: 19 | W16: 20 | X16: 21 | Y16: 22 | Z16: 23 | AA16: 24 | AB16: 25 | AC16: 26 | AD16: 27 | AE16: 28 | AF16: 29 | AG16: 30 | AH16: 31 | AI16: 32 | AJ16: 33 | AK16: 34 | AL16: 35 | AM16: 36 | AN16: 37 | AO16: 38 | AP16: 39 | AQ16: 40 | AR16: 41 | AS16: 42 | AT16: 43 | AU16: 44 | AV16: 45 | AW16: 46 | AX16: 47 | AY16: 48 | AZ16: 49 | BA16: 50 | BB16: 51 | BC16: 52 | BD16: 53 | BE16: 54 | BF16: 55 | BG16: 56 | BH16: 57 | BI16: 58 | BJ16: 59 | BK16: 60 | BL16: 61 | BM16: 62 | BN16: 63 | BO16: 64 | BP16: 65 | BQ16: 66 | BR16: 67 | BS16: 68 | BT16: 69 | BU16: AVG | BV16: MIN
A97: A | M97: OUTSIDE DIAMETER: | Z97: 3 | AG97: FUTURE PROJECTION | BR97: APPLIED TECHNICAL SERVICES 1049 Triad Court Marietta, Georgia 30062 Office # (770) 423-1400 Fax # (770) 514-3299 www.atslab.com | CL97: =Thickness!CL97
A98: LEGEND | M98: TUBE MATERIAL: | Z98: SA-210 A1 | AG98: =TRUNC(MAX(D4:BT6,D7:BT9,D10:BT12,D13:BT15),3) | AL98: MAX. THICKNESS | CL98: =Thickness!CL98
M99: NOMINAL WALL: | Z99: 0.203 | AG99: =TRUNC(AVERAGE(D4:BT6,D7:BT9,D10:BT12,D13:BT15),3) | AL99: AVG. THICKNESS | CL99: PROJECTED TUBE WALL THICKNESS - 5 YEARS
M100: ASME MIN: | Z100: 0.083 | AG100: =TRUNC(MIN(D4:BT6,D7:BT9,D10:BT12,D13:BT15),3) | AL100: MIN. THICKNESS | CL100: =Thickness!CL100
M101: MILL FLAG: | Z101: 0.1 | AG101: =STDEV(D4:BT6,D7:BT9,D10:BT12,D13:BT15) | AL101: STD DEV. | AW101: =Thickness!AW101 | CL101: =Thickness!CL101
B102: PROJECTION
BR105: APPLIED TECHNICAL SERVICES 1049 Triad Court Marietta, Georgia 30062 Office # (770) 423-1400 Fax # (770) 514-3299 www.atslab.com
BR110: APPLIED TECHNICAL SERVICES 1325-B Cavalier Boulevard Chesapeake, Virginia 23323 (757) 558-0016 Fax (757) 558-0063 www.atslab.com
BR115: APPLIED TECHNICAL SERVICES 2312 Commerce Ctr. Dr., Suite A Rockville, Virginia 23146 (804) 550-7610 Fax (804) 550-7611 www.atslab.com

Sheet Retirement
A1: =Thickness!A1 | C1: =IF(ISBLANK(Thickness!C1),"",(Thickness!C1)) | DQ1: OBSTRUCTION
C2: TUBES NUMBERED LEFT TO RIGHT FACING WALL. | DQ2: ORIENTATION
A3: ELEVATION | C3: LOC | D3: 1 | E3: 2 | F3: 3 | G3: 4 | H3: 5 | I3: 6 | J3: 7 | K3: 8 | L3: 9 | M3: 10 | N3: 11 | O3: 12 | P3: 13 | Q3: 14 | R3: 15 | S3: 16 | T3: 17 | U3: 18 | V3: 19 | W3: 20 | X3: 21 | Y3: 22 | Z3: 23 | AA3: 24 | AB3: 25 | AC3: 26 | AD3: 27 | AE3: 28 | AF3: 29 | AG3: 30 | AH3: 31 | AI3: 32 | AJ3: 33 | AK3: 34 | AL3: 35 | AM3: 36 | AN3: 37 | AO3: 38 | AP3: 39 | AQ3: 40 | AR3: 41 | AS3: 42 | AT3: 43 | AU3: 44 | AV3: 45 | AW3: 46 | AX3: 47 | AY3: 48 | AZ3: 49 | BA3: 50 | BB3: 51 | BC3: 52 | BD3: 53 | BE3: 54 | BF3: 55 | BG3: 56 | BH3: 57 | BI3: 58 | BJ3: 59 | BK3: 60 | BL3: 61 | BM3: 62 | BN3: 63 | BO3: 64 | BP3: 65 | BQ3: 66 | BR3: 67 | BS3: 68 | BT3: 69
A4: A | B4: FRONT WALL | C4: Year
B5: 6 IN SCAN
B6: ABOVE STUD LINE
A7: A | B7: LEFT WALL | C7: Year
B8: 6 IN SCAN
B9: ABOVE STUD LINE
A10: A | B10: REAR WALL | C10: Year
B11: 6 IN SCAN
B12: ABOVE STUD LINE
A13: A | B13: RIGHT WALL | C13: Year
B14: 6 IN SCAN
B15: ABOVE STUD LINE
A16: ELEVATION | C16: LOC | D16: 1 | E16: 2 | F16: 3 | G16: 4 | H16: 5 | I16: 6 | J16: 7 | K16: 8 | L16: 9 | M16: 10 | N16: 11 | O16: 12 | P16: 13 | Q16: 14 | R16: 15 | S16: 16 | T16: 17 | U16: 18 | V16: 19 | W16: 20 | X16: 21 | Y16: 22 | Z16: 23 | AA16: 24 | AB16: 25 | AC16: 26 | AD16: 27 | AE16: 28 | AF16: 29 | AG16: 30 | AH16: 31 | AI16: 32 | AJ16: 33 | AK16: 34 | AL16: 35 | AM16: 36 | AN16: 37 | AO16: 38 | AP16: 39 | AQ16: 40 | AR16: 41 | AS16: 42 | AT16: 43 | AU16: 44 | AV16: 45 | AW16: 46 | AX16: 47 | AY16: 48 | AZ16: 49 | BA16: 50 | BB16: 51 | BC16: 52 | BD16: 53 | BE16: 54 | BF16: 55 | BG16: 56 | BH16: 57 | BI16: 58 | BJ16: 59 | BK16: 60 | BL16: 61 | BM16: 62 | BN16: 63 | BO16: 64 | BP16: 65 | BQ16: 66 | BR16: 67 | BS16: 68 | BT16: 69
B97: PROJECTED TO REACH TMIN: | M97: NOTE: CORROSION RATE IS BASED ON COMPARISON OF | AG97: EARLIEST DATE OF PROJECTED RETIREMENT: | BR97: APPLIED TECHNICAL SERVICES 1049 Triad Court Marietta, Georgia 30062 Office # (770) 423-1400 Fax # (770) 514-3299 www.atslab.com | CL97: =Thickness!CL97
A98: LEGEND | B98: + 5 YEARS (or no data) | CL98: =Thickness!CL98
B99: WITHIN 5 YEARS | M99: 2012, 2013, 2014, 2016 | CL99: PROJECTED TUBE RETIREMENT DATE
B100: WITHIN 3 YEARS | M100: INSPECTION DATA | AG100: 44228 | CL100: =Thickness!CL100
B101: WITHIN 1 YEAR | M101: ND | R101: NO COMPARISON DATA | AW101: =Thickness!AW101 | CL101: =Thickness!CL101
B102: RETIREMENT
BR105: APPLIED TECHNICAL SERVICES 1049 Triad Court Marietta, Georgia 30062 Office # (770) 423-1400 Fax # (770) 514-3299 www.atslab.com
BR110: APPLIED TECHNICAL SERVICES 1325-B Cavalier Boulevard Chesapeake, Virginia 23323 (757) 558-0016 Fax (757) 558-0063 www.atslab.com
BR115: APPLIED TECHNICAL SERVICES 2312 Commerce Ctr. Dr., Suite A Rockville, Virginia 23146 (804) 550-7610 Fax (804) 550-7611 www.atslab.com

Sheet Low
A1: =Thickness!A1 | C1: =IF(ISBLANK(Thickness!C1),"",(Thickness!C1)) | DQ1: OBSTRUCTION
C2: TUBES NUMBERED LEFT TO RIGHT FACING WALL. LOW THICKNESS MEASUREMENTS ARE IN INCHES. | DQ2: ORIENTATION
A3: ELEVATION | C3: LOC | D3: 1 | E3: 2 | F3: 3 | G3: 4 | H3: 5 | I3: 6 | J3: 7 | K3: 8 | L3: 9 | M3: 10 | N3: 11 | O3: 12 | P3: 13 | Q3: 14 | R3: 15 | S3: 16 | T3: 17 | U3: 18 | V3: 19 | W3: 20 | X3: 21 | Y3: 22 | Z3: 23 | AA3: 24 | AB3: 25 | AC3: 26 | AD3: 27 | AE3: 28 | AF3: 29 | AG3: 30 | AH3: 31 | AI3: 32 | AJ3: 33 | AK3: 34 | AL3: 35 | AM3: 36 | AN3: 37 | AO3: 38 | AP3: 39 | AQ3: 40 | AR3: 41 | AS3: 42 | AT3: 43 | AU3: 44 | AV3: 45 | AW3: 46 | AX3: 47 | AY3: 48 | AZ3: 49 | BA3: 50 | BB3: 51 | BC3: 52 | BD3: 53 | BE3: 54 | BF3: 55 | BG3: 56 | BH3: 57 | BI3: 58 | BJ3: 59 | BK3: 60 | BL3: 61 | BM3: 62 | BN3: 63 | BO3: 64 | BP3: 65 | BQ3: 66 | BR3: 67 | BS3: 68 | BT3: 69 | BU3: AVG | BV3: MIN
A4: A | B4: FRONT WALL | C4: LOWEST | D4: =MIN(Thickness!D4:D6) | E4: =MIN(Thickness!E4:E6) | F4: =MIN(Thickness!F4:F6) | G4: =MIN(Thickness!G4:G6) | H4: =MIN(Thickness!H4:H6) | I4: =MIN(Thickness!I4:I6) | J4: =MIN(Thickness!J4:J6) | K4: =MIN(Thickness!K4:K6) | ... BN4: =MIN(Thickness!BN4:BN6) | BU4: =IFERROR(AVERAGE(D4:BT6),0) | BV4: =MIN(D4:BT6)
A5: 0.083 | B5: 6 IN SCAN
B6: ABOVE STUD LINE
A7: A | B7: LEFT WALL | C7: LOWEST | D7: =MIN(Thickness!D7:D9) | E7: =MIN(Thickness!E7:E9) | F7: =MIN(Thickness!F7:F9) | G7: =MIN(Thickness!G7:G9) | H7: =MIN(Thickness!H7:H9) | I7: =MIN(Thickness!I7:I9) | J7: =MIN(Thickness!J7:J9) | K7: =MIN(Thickness!K7:K9) | ... BT7: =MIN(Thickness!BT7:BT9) | BU7: =IFERROR(AVERAGE(D7:BT9),0) | BV7: =MIN(D7:BT9)
A8: 0.083 | B8: 6 IN SCAN
B9: ABOVE STUD LINE
A10: A | B10: REAR WALL | C10: LOWEST | D10: =MIN(Thickness!D10:D12) | E10: =MIN(Thickness!E10:E12) | F10: =MIN(Thickness!F10:F12) | G10: =MIN(Thickness!G10:G12) | H10: =MIN(Thickness!H10:H12) | I10: =MIN(Thickness!I10:I12) | J10: =MIN(Thickness!J10:J12) | K10: =MIN(Thickness!K10:K12) | ... BM10: =MIN(Thickness!BM10:BM12) | BU10: =IFERROR(AVERAGE(D10:BT12),0) | BV10: =MIN(D10:BT12)
A11: 0.083 | B11: 6 IN SCAN
B12: ABOVE STUD LINE
A13: A | B13: RIGHT WALL | C13: LOWEST | D13: =MIN(Thickness!D13:D15) | E13: =MIN(Thickness!E13:E15) | F13: =MIN(Thickness!F13:F15) | G13: =MIN(Thickness!G13:G15) | H13: =MIN(Thickness!H13:H15) | I13: =MIN(Thickness!I13:I15) | J13: =MIN(Thickness!J13:J15) | K13: =MIN(Thickness!K13:K15) | ... BT13: =MIN(Thickness!BT13:BT15) | BU13: =IFERROR(AVERAGE(D13:BT15),0) | BV13: =MIN(D13:BT15)
A14: 0.083 | B14: 6 IN SCAN
B15: ABOVE STUD LINE
A16: ELEVATION | C16: LOC | D16: 1 | E16: 2 | F16: 3 | G16: 4 | H16: 5 | I16: 6 | J16: 7 | K16: 8 | L16: 9 | M16: 10 | N16: 11 | O16: 12 | P16: 13 | Q16: 14 | R16: 15 | S16: 16 | T16: 17 | U16: 18 | V16: 19 | W16: 20 | X16: 21 | Y16: 22 | Z16: 23 | AA16: 24 | AB16: 25 | AC16: 26 | AD16: 27 | AE16: 28 | AF16: 29 | AG16: 30 | AH16: 31 | AI16: 32 | AJ16: 33 | AK16: 34 | AL16: 35 | AM16: 36 | AN16: 37 | AO16: 38 | AP16: 39 | AQ16: 40 | AR16: 41 | AS16: 42 | AT16: 43 | AU16: 44 | AV16: 45 | AW16: 46 | AX16: 47 | AY16: 48 | AZ16: 49 | BA16: 50 | BB16: 51 | BC16: 52 | BD16: 53 | BE16: 54 | BF16: 55 | BG16: 56 | BH16: 57 | BI16: 58 | BJ16: 59 | BK16: 60 | BL16: 61 | BM16: 62 | BN16: 63 | BO16: 64 | BP16: 65 | BQ16: 66 | BR16: 67 | BS16: 68 | BT16: 69 | BU16: AVG | BV16: MIN
A97: A | M97: OUTSIDE DIAMETER: | Z97: 3 | AG97: INSPECTION RESULTS | BR97: APPLIED TECHNICAL SERVICES 1049 Triad Court Marietta, Georgia 30062 Office # (770) 423-1400 Fax # (770) 514-3299 www.atslab.com | CL97: =Thickness!CL97
A98: LEGEND | M98: TUBE MATERIAL: | Z98: SA-210 A1 | AG98: =TRUNC(MAX(D4:BT6,D7:BT9,D10:BT12,D13:BT15),3) | AL98: MAX. THICKNESS | CL98: =Thickness!CL98
M99: NOMINAL WALL: | Z99: 0.203 | AG99: =TRUNC(AVERAGE(D4:BT6,D7:BT9,D10:BT12,D13:BT15),3) | AL99: AVG. THICKNESS | CL99: TUBE WALL THICKNESS SURVEY (LOW VALUE)
M100: ASME MIN: | Z100: 0.083 | AG100: =TRUNC(MIN(D4:BT6,D7:BT9,D10:BT12,D13:BT15),3) | AL100: MIN. THICKNESS | CL100: =Thickness!CL100
M101: MILL FLAG: | Z101: 0.1 | AG101: =STDEV(D4:BT6,D7:BT9,D10:BT12,D13:BT15) | AL101: STD DEV. | AW101: =Thickness!AW101 | CL101: =Thickness!CL101
B102: LOW THICKNESS
BR105: APPLIED TECHNICAL SERVICES 1049 Triad Court Marietta, Georgia 30062 Office # (770) 423-1400 Fax # (770) 514-3299 www.atslab.com
BR110: APPLIED TECHNICAL SERVICES 1325-B Cavalier Boulevard Chesapeake, Virginia 23323 (757) 558-0016 Fax (757) 558-0063 www.atslab.com
BR115: APPLIED TECHNICAL SERVICES 2312 Commerce Ctr. Dr., Suite A Rockville, Virginia 23146 (804) 550-7610 Fax (804) 550-7611 www.atslab.com
